request_id,expected_category,expected_runbook_id,expected_missing_information_contains,notes
REQ-0001,connectivity,RB-001,,発生時刻と影響範囲とエラー表示が本文にある
REQ-0002,connectivity,RB-001,発生時刻,時刻情報が不足
REQ-0003,connectivity,RB-001,,複数利用者と時刻とエラー情報がある
REQ-0004,connectivity,RB-001,発生時刻,発生時刻が不足
REQ-0005,connectivity,RB-001,発生時刻,発生時刻とエラー表示が不足
REQ-0006,authentication,RB-002,,時刻と利用者数とエラー表示がある
REQ-0007,authentication,RB-002,発生時刻,発生時刻が不足
REQ-0008,authentication,RB-002,,複数利用者と時刻と表示情報がある
REQ-0009,authentication,RB-002,発生時刻,発生時刻が不足
REQ-0010,authentication,RB-002,影響範囲,影響範囲が不足
REQ-0011,access,RB-003,画面表示またはエラー内容,期間はあるがエラー情報はない
REQ-0012,access,RB-003,発生時刻,発生時刻とアクセス期間が不足
REQ-0013,access,RB-003,発生時刻,発生時刻が不足
REQ-0014,access,RB-003,発生時刻,期限不足も本文に明記
REQ-0015,access,RB-003,発生時刻,発生時刻と期間が不足
REQ-0016,maintenance,RB-004,影響範囲,対象利用者の記載がない
REQ-0017,maintenance,RB-004,発生時刻,具体時刻が不足
REQ-0018,maintenance,RB-004,,時刻と利用者数と表示差異がある
REQ-0019,maintenance,RB-004,発生時刻,時刻と影響範囲が不足
REQ-0020,general,,発生時刻,一般相談として処理
