request_id,created_at,requester_alias,title,description,request_type,impact,urgency,status,assignee_alias,confirmed_category,runbook_id,resolution,cancellation_reason,escalated,escalation_note,updated_at,is_synthetic
REQ-0001,2026-08-01T09:00:00+09:00,user-001,VPNへ接続できない,本日9時ごろから1名がVPNへ接続できずエラーメッセージが表示されます,incident,medium,high,New,,connectivity,RB-001,,,false,,2026-08-01T09:00:00+09:00,true
REQ-0002,2026-08-02T09:00:00+09:00,user-002,在宅接続が不安定,利用者からVPN接続が途中で切れると連絡がありました,incident,medium,medium,New,,connectivity,RB-001,,,false,,2026-08-02T09:00:00+09:00,true
REQ-0003,2026-08-03T09:00:00+09:00,user-003,複数名のVPN接続不可,本日10時に複数利用者で同じ接続エラーが出ています,incident,high,high,New,,connectivity,RB-001,,,false,,2026-08-03T09:00:00+09:00,true
REQ-0004,2026-08-04T09:00:00+09:00,user-004,社外から接続できない,ネットワークは利用できますがVPNの画面で接続が完了しません,question,low,medium,New,,connectivity,RB-001,,,false,,2026-08-04T09:00:00+09:00,true
REQ-0005,2026-08-05T09:00:00+09:00,user-005,VPN確認方法を知りたい,利用者1名から接続できないと問い合わせがありました,question,low,low,New,,connectivity,RB-001,,,false,,2026-08-05T09:00:00+09:00,true
REQ-0006,2026-08-06T09:00:00+09:00,user-001,業務アプリへサインインできない,本日午後に1名がサインイン画面から先へ進めずエラー表示があります,incident,medium,medium,New,,authentication,RB-002,,,false,,2026-08-06T09:00:00+09:00,true
REQ-0007,2026-08-07T09:00:00+09:00,user-002,ログインエラーの問い合わせ,利用者から業務アプリにログインできないと連絡がありました,question,low,medium,New,,authentication,RB-002,,,false,,2026-08-07T09:00:00+09:00,true
REQ-0008,2026-08-08T09:00:00+09:00,user-003,複数名で認証エラー,10時30分ごろから複数利用者に同じ認証メッセージが表示されています,incident,high,high,New,,authentication,RB-002,,,false,,2026-08-08T09:00:00+09:00,true
REQ-0009,2026-08-09T09:00:00+09:00,user-004,サインイン画面が繰り返される,利用者1名でサインイン画面が繰り返し表示されます,incident,medium,medium,New,,authentication,RB-002,,,false,,2026-08-09T09:00:00+09:00,true
REQ-0010,2026-08-10T09:00:00+09:00,user-005,認証エラーの確認依頼,業務アプリでエラーが表示されていますが発生時刻は不明です,service_request,low,low,New,,authentication,RB-002,,,false,,2026-08-10T09:00:00+09:00,true
REQ-0011,2026-08-11T09:00:00+09:00,user-001,共有フォルダ閲覧依頼,利用者1名が一時的に共有フォルダを閲覧する申請で期限は今月末です,access,low,medium,Triaged,operator-001,access,RB-003,,,false,,2026-08-11T09:00:00+09:00,true
REQ-0012,2026-08-12T09:00:00+09:00,user-002,共有先へアクセスできない,承認済みの利用者から対象の共有フォルダを閲覧できないと連絡がありました,incident,medium,medium,Triaged,operator-001,access,RB-003,,,false,,2026-08-12T09:00:00+09:00,true
REQ-0013,2026-08-13T09:00:00+09:00,user-003,プロジェクト資料の閲覧申請,共有資料を継続して閲覧する申請で承認経路を確認する必要があります,access,low,low,Triaged,operator-001,access,RB-003,,,false,,2026-08-13T09:00:00+09:00,true
REQ-0014,2026-08-14T09:00:00+09:00,user-004,一時アクセスの受付,一時アクセスが必要ですが期限と承認者が記載されていません,access,medium,medium,Triaged,operator-001,access,RB-003,,,false,,2026-08-14T09:00:00+09:00,true
REQ-0015,2026-08-15T09:00:00+09:00,user-005,共有フォルダの申請方法,利用者から共有フォルダへアクセスする申請方法について質問がありました,question,low,low,Triaged,operator-001,access,RB-003,,,false,,2026-08-15T09:00:00+09:00,true
REQ-0016,2026-08-16T09:00:00+09:00,user-001,メンテナンス後の確認,本日15時に定期メンテナンス後の動作確認を行う依頼です,service_request,medium,medium,Triaged,operator-001,maintenance,RB-004,,,false,,2026-08-16T09:00:00+09:00,true
REQ-0017,2026-08-17T09:00:00+09:00,user-002,定期作業の結果記録,保守後の確認結果を記録して差異があれば引き継ぐ依頼です,service_request,low,low,Triaged,operator-001,maintenance,RB-004,,,false,,2026-08-17T09:00:00+09:00,true
REQ-0018,2026-08-18T09:00:00+09:00,user-003,動作確認で差異あり,本日16時に期待結果と異なる画面表示を1名が確認しました,incident,medium,high,Triaged,operator-001,maintenance,RB-004,,,false,,2026-08-18T09:00:00+09:00,true
REQ-0019,2026-08-19T09:00:00+09:00,user-004,確認項目の相談,定期メンテナンス後に何を記録するか相談したいです,question,low,low,Triaged,operator-001,maintenance,RB-004,,,false,,2026-08-19T09:00:00+09:00,true
REQ-0020,2026-08-20T09:00:00+09:00,user-005,依頼内容の整理,業務で使うITツールについて相談がありますが対象と希望時期は未定です,question,low,low,Triaged,operator-001,general,,,,false,,2026-08-20T09:00:00+09:00,true
